Title,Views,Likes,Comments
"Look Ma, no keys! Signing JWTs with the Google Cloud API",1809,54,2
Just in from the news desk ðŸ“°: The next generation of AI with Gemma 3,614,44,1
"Good thing we check our code before reviews, right?",2933,97,4
A hotkey you canâ€™t live without?,3819,119,10
"Announcing Gemma 3, Flutter 3.29, GDC '25, and more! - Google Developer News March 2025",4524,192,13
Can you spot the two issues with how weâ€™re counting active users? Go!,2711,123,17
Just in from the news desk ðŸ“°: Big things that happened at Game Developer Conference!,2583,172,3
Debugging tips from devs,4117,147,15
Collect payments on Android with Checkout.com and Google Pay,2652,104,5
Use Gemini as a coding assistant!,6981,521,14
